Numero OI;Tipo Plano;Latitude;Longitude;Barramento;APP
1171_2024_MCB-01M1_T_1;Vegetação;-5,85416;-35,3306;B11781;
1171_2024_MCB-01M1_T_1;Vegetação;-5,85423;-35,331;B11782;
1171_2024_MCB-01M1_T_1;Vegetação;-5,85497;-35,3331;B11788;
1171_2024_MCB-01M1_T_1;Vegetação;-5,86361;-35,3386;M53823;
1171_2024_MCB-01M1_T_1;Vegetação;-5,85617;-35,3335;N35381;
1171_2024_MCB-01M1_T_1;Vegetação;-5,85775;-35,336;P19705;
1171_2024_MCB-01M1_T_1;Vegetação;-5,85775;-35,336;P19705;
1171_2024_MCB-01M1_T_1;Vegetação;-5,86474;-35,3348;P19720;
1171_2024_MCB-01M1_T_1;Vegetação;-5,85632;-35,3348;P19858;
1171_2024_MCB-01M1_T_1;Vegetação;-5,85892;-35,3325;P19872;
1171_2024_MCB-01M1_T_1;Vegetação;-5,85982;-35,3322;P19875;
1171_2024_MCB-01M1_T_1;Vegetação;-5,86219;-35,3313;P19880;11754/2025
1171_2024_MCB-01M1_T_1;Vegetação;-5,86251;-35,3312;P19881;
1171_2024_MCB-01M1_T_1;Vegetação;-5,86288;-35,331;P19882;
1171_2024_MCB-01M1_T_1;Vegetação;-5,85411;-35,3303;P19898;
1171_2024_MCB-01M1_T_1;Vegetação;-5,86385;-35,335;R86781;
1316_2024_SJM-01Z1_T_2;Vegetação;-6,0649;-35,2495;P27214;
1317_2024_SJM-01Z5_T_1;Vegetação;-6,06262;-35,3076;L78272;
1317_2024_SJM-01Z5_T_1;Vegetação;-6,06212;-35,3082;L78274;12336/2025
1317_2024_SJM-01Z5_T_1;Vegetação;-6,06212;-35,3082;L78274;12336/2025
1317_2024_SJM-01Z5_T_1;Vegetação;-6,06191;-35,3085;L78275;
1317_2024_SJM-01Z5_T_1;Vegetação;-6,06297;-35,3072;P26799;
1317_2024_SJM-01Z5_T_1;Vegetação;-6,06334;-35,3068;P26800;
1317_2024_SJM-01Z5_T_1;Vegetação;-6,07222;-35,3369;P26969;
1317_2024_SJM-01Z5_T_1;Vegetação;-6,06692;-35,33;U77233;
1318_2024_SJM-01Z5_T_2;Vegetação;-6,06233;-35,3415;P29136;11588/2025
1318_2024_SJM-01Z5_T_2;Vegetação;-6,06654;-35,3435;A13660;
1318_2024_SJM-01Z5_T_2;Vegetação;-6,06482;-35,3454;A13668;
1318_2024_SJM-01Z5_T_2;Vegetação;-6,06428;-35,3424;P29140;
1318_2024_SJM-01Z5_T_2;Vegetação;-6,06527;-35,3429;P29142;
1320_2024_SJM-01Z5_T_4;Vegetação;-6,07006;-35,3338;A13408;
1320_2024_SJM-01Z5_T_4;Vegetação;-6,07093;-35,3346;P26958;
1320_2024_SJM-01Z5_T_4;Vegetação;-6,07121;-35,3339;P26960;
1471_2024_SJM-01Z2_T_1;Vegetação;-6,0653;-35,2509;C11796;11641/2025
1471_2024_SJM-01Z2_T_1;Vegetação;-6,06818;-35,2376;C12189;
1471_2024_SJM-01Z2_T_1;Vegetação;-6,07;-35,246;P25378;
1471_2024_SJM-01Z2_T_1;Vegetação;-6,06959;-35,2466;P25380;
1471_2024_SJM-01Z2_T_1;Vegetação;-6,06947;-35,2389;P25414;
1471_2024_SJM-01Z2_T_1;Vegetação;-6,06376;-35,2487;P27216;
1515_2024_SJM-01Z1_RL_3106349_T_2;Vegetação;-5,99601;-35,2661;M33949;12338/2025
1515_2024_SJM-01Z1_RL_3106349_T_2;Vegetação;-5,9959;-35,2656;M85621;
1521_2024_SJM-01Z2_RL_3093620_T_3;Vegetação;-6,0846;-35,2056;C12453;
1573_2024_LTS-01Y4_RL_3111461_RR_1;Vegetação;-5,96561;-35,1447;O61075;12454/2025
1587_2024_PNA-01P5_T_2;Vegetação;-5,92278;-35,259;J02409;
1587_2024_PNA-01P5_T_2;Vegetação;-5,92353;-35,2599;J02427;
1587_2024_PNA-01P5_T_2;Vegetação;-5,9263;-35,2612;J02476;
1587_2024_PNA-01P5_T_2;Vegetação;-5,9273;-35,2637;J02489;
1587_2024_PNA-01P5_T_2;Vegetação;-5,92792;-35,2621;J02524;
1587_2024_PNA-01P5_T_2;Vegetação;-5,92859;-35,2618;J02530;
1587_2024_PNA-01P5_T_2;Vegetação;-5,92824;-35,2617;J02531;
1587_2024_PNA-01P5_T_2;Vegetação;-5,9291;-35,2612;J02533;
1587_2024_PNA-01P5_T_2;Vegetação;-5,93025;-35,2608;J02552;
1587_2024_PNA-01P5_T_2;Vegetação;-5,92964;-35,2606;J02559;
1587_2024_PNA-01P5_T_2;Vegetação;-5,92973;-35,2629;J02571;
1587_2024_PNA-01P5_T_2;Vegetação;-5,9313;-35,262;J02583;
1587_2024_PNA-01P5_T_2;Vegetação;-5,93166;-35,2621;J02584;
1587_2024_PNA-01P5_T_2;Vegetação;-5,93201;-35,2622;J02585;
1587_2024_PNA-01P5_T_2;Vegetação;-5,93171;-35,2626;J02589;
1587_2024_PNA-01P5_T_2;Vegetação;-5,93242;-35,2628;J02591;
1587_2024_PNA-01P5_T_2;Vegetação;-5,93147;-35,2632;J02602;
1587_2024_PNA-01P5_T_2;Vegetação;-5,93135;-35,2608;J02633;
1587_2024_PNA-01P5_T_2;Vegetação;-5,92222;-35,2634;J02690;
1587_2024_PNA-01P5_T_2;Vegetação;-5,92253;-35,2635;J02691;
1587_2024_PNA-01P5_T_2;Vegetação;-5,92253;-35,2635;J02691;
1587_2024_PNA-01P5_T_2;Vegetação;-5,92359;-35,2638;J02695;
1587_2024_PNA-01P5_T_2;Vegetação;-5,92429;-35,264;J02697;
1587_2024_PNA-01P5_T_2;Vegetação;-5,92459;-35,2641;J02698;
1587_2024_PNA-01P5_T_2;Vegetação;-5,93476;-35,2589;L77874;
1587_2024_PNA-01P5_T_2;Vegetação;-5,9352;-35,2589;L77875;12391/2025
1587_2024_PNA-01P5_T_2;Vegetação;-5,93673;-35,2576;L77882;
1587_2024_PNA-01P5_T_2;Vegetação;-5,92555;-35,2602;L81112;
1587_2024_PNA-01P5_T_2;Vegetação;-5,93388;-35,2591;M77805;
1587_2024_PNA-01P5_T_2;Vegetação;-5,9346;-35,2591;M83259;
1587_2024_PNA-01P5_T_2;Vegetação;-5,93051;-35,2592;M93586;
1587_2024_PNA-01P5_T_2;Vegetação;-5,92193;-35,261;P01279;
1587_2024_PNA-01P5_T_2;Vegetação;-5,92257;-35,2596;P01285;
1587_2024_PNA-01P5_T_2;Vegetação;-5,92225;-35,2603;P01287;
1587_2024_PNA-01P5_T_2;Vegetação;-5,92153;-35,2632;P01357;
1587_2024_PNA-01P5_T_2;Vegetação;-5,92193;-35,2633;P01358;
1587_2024_PNA-01P5_T_2;Vegetação;-5,93474;-35,2591;P01524;
1591_2024_JPC-01J3_T_1;Vegetação;-5,92882;-35,2679;J00473;12386/2025
1591_2024_JPC-01J3_T_1;Vegetação;-5,92792;-35,2709;J00566;
1591_2024_JPC-01J3_T_1;Vegetação;-5,92843;-35,271;J00570;
1591_2024_JPC-01J3_T_1;Vegetação;-5,93113;-35,2688;J00621;
1591_2024_JPC-01J3_T_1;Vegetação;-5,93169;-35,2682;J00624;
1591_2024_JPC-01J3_T_1;Vegetação;-5,93193;-35,2685;J00625;
1591_2024_JPC-01J3_T_1;Vegetação;-5,93146;-35,268;J00626;
1591_2024_JPC-01J3_T_1;Vegetação;-5,93119;-35,2677;J00627;
1591_2024_JPC-01J3_T_1;Vegetação;-5,93167;-35,2729;J00659;
1591_2024_JPC-01J3_T_1;Vegetação;-5,92943;-35,2741;J00686;
1591_2024_JPC-01J3_T_1;Vegetação;-5,92963;-35,2745;J00687;
1591_2024_JPC-01J3_T_1;Vegetação;-5,93005;-35,2743;J00694;
1591_2024_JPC-01J3_T_1;Vegetação;-5,93037;-35,2738;J00699;
1591_2024_JPC-01J3_T_1;Vegetação;-5,93;-35,2721;P00004;
1591_2024_JPC-01J3_T_1;Vegetação;-5,92961;-35,272;P00005;
1668_2024_LTS-01Y2_T_1;Vegetação;-5,98946;-35,129;N10311;
1668_2024_LTS-01Y2_T_1;Vegetação;-5,98672;-35,1238;N32549;
1684_2024_PNA-01P4_T_2;Vegetação;-5,88906;-35,2309;F5273;
1684_2024_PNA-01P4_T_2;Vegetação;-5,88871;-35,2308;F5274;
1684_2024_PNA-01P4_T_2;Vegetação;-5,88832;-35,2307;F5275;
1684_2024_PNA-01P4_T_2;Vegetação;-5,88696;-35,2316;F5286;
1685_2024_PNA-01P4_T_3;Vegetação;-5,89197;-35,2403;F3522;11651/2025
1685_2024_PNA-01P4_T_3;Vegetação;-5,89071;-35,2394;F3526;
1685_2024_PNA-01P4_T_3;Vegetação;-5,89325;-35,2396;M26624;
1685_2024_PNA-01P4_T_3;Vegetação;-5,89332;-35,2384;N06654;
1685_2024_PNA-01P4_T_3;Vegetação;-5,89239;-35,2389;N10133;
1686_2024_PNA-01P4_T_4;Vegetação;-5,8867;-35,227;F3477;11650/2025
1686_2024_PNA-01P4_T_4;Vegetação;-5,89148;-35,2295;DA04178;
1686_2024_PNA-01P4_T_4;Vegetação;-5,89177;-35,2296;DA04183;
1686_2024_PNA-01P4_T_4;Vegetação;-5,89161;-35,2292;F5305;
1686_2024_PNA-01P4_T_4;Vegetação;-5,89195;-35,2293;F5309;
1686_2024_PNA-01P4_T_4;Vegetação;-5,89229;-35,2294;F5312;
1686_2024_PNA-01P4_T_4;Vegetação;-5,8938;-35,2375;P10953;
1687_2024_PNA-01P2_T_1;Vegetação;-5,88827;-35,2476;F3197;
1687_2024_PNA-01P2_T_1;Vegetação;-5,88213;-35,2498;F3259;
1687_2024_PNA-01P2_T_1;Vegetação;-5,88223;-35,2504;F3261;
1687_2024_PNA-01P2_T_1;Vegetação;-5,88223;-35,2504;F3261;
1687_2024_PNA-01P2_T_1;Vegetação;-5,88201;-35,2511;F3264;
1687_2024_PNA-01P2_T_1;Vegetação;-5,88064;-35,2526;F3277;
1687_2024_PNA-01P2_T_1;Vegetação;-5,88193;-35,2549;F3350;
1687_2024_PNA-01P2_T_1;Vegetação;-5,88218;-35,2542;F3369;
1687_2024_PNA-01P2_T_1;Vegetação;-5,88132;-35,2542;F5345;
1687_2024_PNA-01P2_T_1;Vegetação;-5,88063;-35,2546;F5350;
1687_2024_PNA-01P2_T_1;Vegetação;-5,88125;-35,2538;F5355;
1687_2024_PNA-01P2_T_1;Vegetação;-5,88112;-35,2531;F5363;
1687_2024_PNA-01P2_T_1;Vegetação;-5,88105;-35,2525;F5365;
1687_2024_PNA-01P2_T_1;Vegetação;-5,8684;-35,2419;G5933;
1687_2024_PNA-01P2_T_1;Vegetação;-5,88347;-35,2388;G5966;
1687_2024_PNA-01P2_T_1;Vegetação;-5,88347;-35,2388;G5966;
1687_2024_PNA-01P2_T_1;Vegetação;-5,88355;-35,2394;G5968;
1687_2024_PNA-01P2_T_1;Vegetação;-5,88364;-35,2397;G5969;
1687_2024_PNA-01P2_T_1;Vegetação;-5,88372;-35,2401;G5970;
1687_2024_PNA-01P2_T_1;Vegetação;-5,88267;-35,241;G6197;
1687_2024_PNA-01P2_T_1;Vegetação;-5,88331;-35,2391;G6204;
1687_2024_PNA-01P2_T_1;Vegetação;-5,8847;-35,2424;G8348;
1687_2024_PNA-01P2_T_1;Vegetação;-5,88551;-35,242;G8352;
1687_2024_PNA-01P2_T_1;Vegetação;-5,88504;-35,2416;G8354;
1687_2024_PNA-01P2_T_1;Vegetação;-5,88438;-35,2416;G8356;
1687_2024_PNA-01P2_T_1;Vegetação;-5,88518;-35,2438;G8362;
1687_2024_PNA-01P2_T_1;Vegetação;-5,88416;-35,2444;G8373;
1687_2024_PNA-01P2_T_1;Vegetação;-5,88366;-35,2452;G8383;
1687_2024_PNA-01P2_T_1;Vegetação;-5,88374;-35,2456;G8384;
1687_2024_PNA-01P2_T_1;Vegetação;-5,88372;-35,2457;G8386;
1687_2024_PNA-01P2_T_1;Vegetação;-5,88379;-35,2459;G8389;
1687_2024_PNA-01P2_T_1;Vegetação;-5,88393;-35,2466;G8396;
1687_2024_PNA-01P2_T_1;Vegetação;-5,88536;-35,2466;G8402;
1687_2024_PNA-01P2_T_1;Vegetação;-5,88574;-35,2467;G8403;
1687_2024_PNA-01P2_T_1;Vegetação;-5,8823;-35,2519;G8441;
1687_2024_PNA-01P2_T_1;Vegetação;-5,88472;-35,2505;G8864;
1687_2024_PNA-01P2_T_1;Vegetação;-5,88352;-35,25;G8879;
1687_2024_PNA-01P2_T_1;Vegetação;-5,88272;-35,2512;G8899;
1687_2024_PNA-01P2_T_1;Vegetação;-5,88212;-35,2504;G8904;
1687_2024_PNA-01P2_T_1;Vegetação;-5,87721;-35,2535;G89240;
1687_2024_PNA-01P2_T_1;Vegetação;-5,87753;-35,2537;G8925;
1687_2024_PNA-01P2_T_1;Vegetação;-5,88036;-35,2535;G8960;
1687_2024_PNA-01P2_T_1;Vegetação;-5,88027;-35,2538;G8963;
1687_2024_PNA-01P2_T_1;Vegetação;-5,88004;-35,2545;G8967;
1687_2024_PNA-01P2_T_1;Vegetação;-5,8797;-35,2544;G8968;
1687_2024_PNA-01P2_T_1;Vegetação;-5,87813;-35,2506;G9002;
1687_2024_PNA-01P2_T_1;Vegetação;-5,88609;-35,245;G9194;
1687_2024_PNA-01P2_T_1;Vegetação;-5,8826;-35,2477;G9205;
1687_2024_PNA-01P2_T_1;Vegetação;-5,88302;-35,2484;G9232;
1687_2024_PNA-01P2_T_1;Vegetação;-5,88674;-35,2482;G9254;
1687_2024_PNA-01P2_T_1;Vegetação;-5,88745;-35,2483;G9259;
1687_2024_PNA-01P2_T_1;Vegetação;-5,88655;-35,2472;G9264;
1687_2024_PNA-01P2_T_1;Vegetação;-5,88383;-35,2499;GD1942;
1687_2024_PNA-01P2_T_1;Vegetação;-5,88056;-35,2529;GD3655;
1687_2024_PNA-01P2_T_1;Vegetação;-5,87735;-35,2527;K06511;
1687_2024_PNA-01P2_T_1;Vegetação;-5,87735;-35,2495;K06538;
1687_2024_PNA-01P2_T_1;Vegetação;-5,881;-35,2532;M83248;
1687_2024_PNA-01P2_T_1;Vegetação;-5,88045;-35,2532;MG3655;
1687_2024_PNA-01P2_T_1;Vegetação;-5,87676;-35,2549;N00774;
1687_2024_PNA-01P2_T_1;Vegetação;-5,87585;-35,2555;N45799;
1687_2024_PNA-01P2_T_1;Vegetação;-5,87536;-35,2545;N58198;
1687_2024_PNA-01P2_T_1;Vegetação;-5,87527;-35,2548;PY11893;
1687_2024_PNA-01P2_T_1;Vegetação;-5,87514;-35,2551;PY11894;
1687_2024_PNA-01P2_T_1;Vegetação;-5,88779;-35,2495;R06270;
1687_2024_PNA-01P2_T_1;Vegetação;-5,88337;-35,2491;R38207;
1687_2024_PNA-01P2_T_1;Vegetação;-5,87606;-35,2524;R53405;
1687_2024_PNA-01P2_T_1;Vegetação;-5,88881;-35,2495;R73542;
1687_2024_PNA-01P2_T_1;Vegetação;-5,88115;-35,254;R88459;
1687_2024_PNA-01P2_T_1;Vegetação;-5,88298;-35,2412;T68443;
1802_2024_JPC-01J2_T_1;Vegetação;-5,9405;-35,2791;B10771;
1802_2024_JPC-01J2_T_1;Vegetação;-5,94117;-35,2791;B10783;
1802_2024_JPC-01J2_T_1;Vegetação;-5,93227;-35,2814;J01037;
1802_2024_JPC-01J2_T_1;Vegetação;-5,93188;-35,2793;J01042;
1802_2024_JPC-01J2_T_1;Vegetação;-5,93705;-35,2821;M06068;
1802_2024_JPC-01J2_T_1;Vegetação;-5,94092;-35,2825;M26725;
1802_2024_JPC-01J2_T_1;Vegetação;-5,94155;-35,2822;M26730;
1802_2024_JPC-01J2_T_1;Vegetação;-5,94338;-35,2752;M45181;
1802_2024_JPC-01J2_T_1;Vegetação;-5,94346;-35,2755;M45186;
1802_2024_JPC-01J2_T_1;Vegetação;-5,94385;-35,2759;M45198;
1802_2024_JPC-01J2_T_1;Vegetação;-5,94045;-35,2864;M92211;
1802_2024_JPC-01J2_T_1;Vegetação;-5,94048;-35,2867;M92212;
1802_2024_JPC-01J2_T_1;Vegetação;-5,94094;-35,2856;M92216;
1802_2024_JPC-01J2_T_1;Vegetação;-5,9435;-35,2805;N00757;
1802_2024_JPC-01J2_T_1;Vegetação;-5,93507;-35,2779;N00860;
1802_2024_JPC-01J2_T_1;Vegetação;-5,93507;-35,2779;N00860;
1802_2024_JPC-01J2_T_1;Vegetação;-5,93688;-35,28;N00867;
1802_2024_JPC-01J2_T_1;Vegetação;-5,93694;-35,2806;N00880;
1802_2024_JPC-01J2_T_1;Vegetação;-5,93698;-35,2813;N00895;
1802_2024_JPC-01J2_T_1;Vegetação;-5,93682;-35,2746;N00930;
1802_2024_JPC-01J2_T_1;Vegetação;-5,935;-35,2753;N00936;
1802_2024_JPC-01J2_T_1;Vegetação;-5,93644;-35,2764;N00940;
1802_2024_JPC-01J2_T_1;Vegetação;-5,93635;-35,2817;N00947;
1802_2024_JPC-01J2_T_1;Vegetação;-5,93519;-35,2778;N00963;
1802_2024_JPC-01J2_T_1;Vegetação;-5,93579;-35,2766;N00986;
1802_2024_JPC-01J2_T_1;Vegetação;-5,93577;-35,277;N00990;
1802_2024_JPC-01J2_T_1;Vegetação;-5,93381;-35,2774;N00993;
1802_2024_JPC-01J2_T_1;Vegetação;-5,94468;-35,2803;N31186;
1802_2024_JPC-01J2_T_1;Vegetação;-5,93878;-35,2858;N51127;12394/2025
1802_2024_JPC-01J2_T_1;Vegetação;-5,93892;-35,2864;N51131;
1802_2024_JPC-01J2_T_1;Vegetação;-5,93883;-35,2865;N51132;
1802_2024_JPC-01J2_T_1;Vegetação;-5,94663;-35,2797;N51200;
1802_2024_JPC-01J2_T_1;Vegetação;-5,93442;-35,2791;R83211;
1802_2024_JPC-01J2_T_1;Vegetação;-5,94154;-35,2856;R86275;
1802_2024_JPC-01J2_T_1;Vegetação;-5,94416;-35,2751;T22103;
1802_2024_JPC-01J2_T_1;Vegetação;-5,93904;-35,2836;T42704;
1802_2024_JPC-01J2_T_1;Vegetação;-5,93691;-35,2806;U30075;
1802_2024_JPC-01J2_T_1;Vegetação;-5,92473;-35,2846;X03917;
1803_2024_JPC-01J2_T_2;Vegetação;-5,92948;-35,2908;J01777;
1803_2024_JPC-01J2_T_2;Vegetação;-5,92881;-35,2911;J01779;
1803_2024_JPC-01J2_T_2;Vegetação;-5,92849;-35,2913;J01780;
1803_2024_JPC-01J2_T_2;Vegetação;-5,93206;-35,2904;J01815;
1803_2024_JPC-01J2_T_2;Vegetação;-5,93182;-35,2906;J01816;
1803_2024_JPC-01J2_T_2;Vegetação;-5,93152;-35,2907;J01819;
1803_2024_JPC-01J2_T_2;Vegetação;-5,93539;-35,2913;J01861;
1803_2024_JPC-01J2_T_2;Vegetação;-5,93777;-35,3106;M87325;
1803_2024_JPC-01J2_T_2;Vegetação;-5,93411;-35,2939;O42072A;
1803_2024_JPC-01J2_T_2;Vegetação;-5,93565;-35,2926;R52325;
1803_2024_JPC-01J2_T_2;Vegetação;-5,93196;-35,2961;R93343;
1803_2024_JPC-01J2_T_2;Vegetação;-5,93497;-35,3156;R97993;
1803_2024_JPC-01J2_T_2;Vegetação;-5,93137;-35,2965;T87381;12395/2025
1804_2024_JPC-01J2_T_3;Vegetação;-5,92599;-35,2937;M77249;
1805_2024_JPC-01J2_T_4;Vegetação;-5,94905;-35,2797;B10723;
1805_2024_JPC-01J2_T_4;Vegetação;-5,94883;-35,2829;L28400;
1805_2024_JPC-01J2_T_4;Vegetação;-5,94241;-35,2833;M67351;
1805_2024_JPC-01J2_T_4;Vegetação;-5,94337;-35,2848;R37719;
1805_2024_JPC-01J2_T_4;Vegetação;-5,94368;-35,2848;R37720;
1805_2024_JPC-01J2_T_4;Vegetação;-5,94391;-35,2847;R37742;
1805_2024_JPC-01J2_T_4;Vegetação;-5,94212;-35,2849;R39584;
1805_2024_JPC-01J2_T_4;Vegetação;-5,94822;-35,282;R46256;
1878_2024_MCB-01M5_T_1;Vegetação;-5,83849;-35,3491;A10991;
1878_2024_MCB-01M5_T_1;Vegetação;-5,8381;-35,3492;A10992;
1878_2024_MCB-01M5_T_1;Vegetação;-5,83725;-35,3492;A10994;
1878_2024_MCB-01M5_T_1;Vegetação;-5,836;-35,3492;A10997;
1878_2024_MCB-01M5_T_1;Vegetação;-5,83567;-35,3492;A10998;12396/2025
1878_2024_MCB-01M5_T_1;Vegetação;-5,84485;-35,348;A11009;
1878_2024_MCB-01M5_T_1;Vegetação;-5,85712;-35,3499;M85925;
1878_2024_MCB-01M5_T_1;Vegetação;-5,84466;-35,3466;M87438;
1878_2024_MCB-01M5_T_1;Vegetação;-5,84523;-35,3415;P19947;
1878_2024_MCB-01M5_T_1;Vegetação;-5,84812;-35,3459;P19965;
1878_2024_MCB-01M5_T_1;Vegetação;-5,85107;-35,3476;P21005;
1878_2024_MCB-01M5_T_1;Vegetação;-5,84476;-35,3474;R66568;
1878_2024_MCB-01M5_T_1;Vegetação;-5,86313;-35,3509;T00430;
1879_2024_MCB-01M5_T_2;Vegetação;-5,8473;-35,3539;A11077;
1879_2024_MCB-01M5_T_2;Vegetação;-5,83653;-35,3527;A11172;
1879_2024_MCB-01M5_T_2;Vegetação;-5,83492;-35,3528;A11176;
1879_2024_MCB-01M5_T_2;Vegetação;-5,83451;-35,3527;A11177;11753/2025
1879_2024_MCB-01M5_T_2;Vegetação;-5,83631;-35,353;O29503;
1879_2024_MCB-01M5_T_2;Vegetação;-5,84422;-35,353;P18630;
1879_2024_MCB-01M5_T_2;Vegetação;-5,84372;-35,354;P18635;
1879_2024_MCB-01M5_T_2;Vegetação;-5,84196;-35,3527;P18647;
1879_2024_MCB-01M5_T_2;Vegetação;-5,84159;-35,3527;P18648;
1879_2024_MCB-01M5_T_2;Vegetação;-5,83966;-35,3526;P18653;
1879_2024_MCB-01M5_T_2;Vegetação;-5,83881;-35,3526;P18655;
1879_2024_MCB-01M5_T_2;Vegetação;-5,83735;-35,3527;P18659;
1879_2024_MCB-01M5_T_2;Vegetação;-5,83735;-35,3527;P18659;
3030_2025_JPC-01J1_RU_1;Vegetação;-5,94233;-35,2501;N63801;
3030_2025_JPC-01J1_RU_1;Vegetação;-5,93984;-35,2614;P09776;
3030_2025_JPC-01J1_RU_1;Vegetação;-5,94293;-35,2513;R14097;
3030_2025_JPC-01J1_RU_1;Vegetação;-5,93947;-35,2615;U43990;12332/2025
3030_2025_JPC-01J1_RU_1;Vegetação;-5,93947;-35,2615;U43990;12332/2025
3151_2025_LTS-01Y3_RL_3107763_RR_1;Vegetação;-5,96692;-35,1723;M73537;
3151_2025_LTS-01Y3_RL_3107763_RR_1;Vegetação;-5,97423;-35,1744;N84226;
3151_2025_LTS-01Y3_RL_3107763_RR_1;Vegetação;-5,96778;-35,1723;R78839;
3151_2025_LTS-01Y3_RL_3107763_RR_1;Vegetação;-5,96685;-35,1712;T19699;
3281_2025_LTS-01Y3_RL_3076960_T_1;Vegetação;-5,97578;-35,1571;B13953;12397/2025
3281_2025_LTS-01Y3_RL_3076960_T_1;Vegetação;-5,95913;-35,1633;F2890;
3281_2025_LTS-01Y3_RL_3076960_T_1;Vegetação;-5,95945;-35,1635;G8194;
3281_2025_LTS-01Y3_RL_3076960_T_1;Vegetação;-5,9689;-35,1554;N84260;
3281_2025_LTS-01Y3_RL_3076960_T_1;Vegetação;-5,97243;-35,1582;O47391;
3281_2025_LTS-01Y3_RL_3076960_T_1;Vegetação;-5,97367;-35,1578;P24415;
3281_2025_LTS-01Y3_RL_3076960_T_1;Vegetação;-5,97342;-35,158;P24416;
3281_2025_LTS-01Y3_RL_3076960_T_1;Vegetação;-5,97279;-35,1586;P24418;
3281_2025_LTS-01Y3_RL_3076960_T_1;Vegetação;-5,97289;-35,1594;P24419;
3281_2025_LTS-01Y3_RL_3076960_T_1;Vegetação;-5,97176;-35,1547;P24433;
3281_2025_LTS-01Y3_RL_3076960_T_1;Vegetação;-5,9644;-35,1583;P24454;
3281_2025_LTS-01Y3_RL_3076960_T_1;Vegetação;-5,96299;-35,1594;P24459;
3281_2025_LTS-01Y3_RL_3076960_T_1;Vegetação;-5,96299;-35,1594;P24459;
3281_2025_LTS-01Y3_RL_3076960_T_1;Vegetação;-5,96157;-35,1606;P24463;
3281_2025_LTS-01Y3_RL_3076960_T_1;Vegetação;-5,97851;-35,1533;T63103;
3281_2025_LTS-01Y3_RL_3076960_T_1;Vegetação;-5,97871;-35,153;T63104;
3424_2025_PNA-01P2_RU_1;Vegetação;-5,87914;-35,2449;X02659;11475/2025
3751_2025_PNA-01P2_RL_3103471_T_1;Vegetação;-5,88095;-35,235;G5830;11694/2025
3751_2025_PNA-01P2_RL_3103471_T_1;Vegetação;-5,88236;-35,2328;G5851;11696/2025
3751_2025_PNA-01P2_RL_3103471_T_1;Vegetação;-5,88457;-35,2374;G5877;11700/2025
3751_2025_PNA-01P2_RL_3103471_T_1;Vegetação;-5,88311;-35,2367;G5901;11689/2025
3751_2025_PNA-01P2_RL_3103471_T_1;Vegetação;-5,88304;-35,2355;G5917;11690/2025
3751_2025_PNA-01P2_RL_3103471_T_1;Vegetação;-5,88554;-35,2357;G5925;11691/2025
3751_2025_PNA-01P2_RL_3103471_T_1;Vegetação;-5,88101;-35,2382;G5990;11692/2025
3751_2025_PNA-01P2_RL_3103471_T_1;Vegetação;-5,87992;-35,2392;G5996;
3751_2025_PNA-01P2_RL_3103471_T_1;Vegetação;-5,87962;-35,239;G5997;
3751_2025_PNA-01P2_RL_3103471_T_1;Vegetação;-5,87902;-35,2386;G5999;
3751_2025_PNA-01P2_RL_3103471_T_1;Vegetação;-5,87872;-35,2383;G6000;
3751_2025_PNA-01P2_RL_3103471_T_1;Vegetação;-5,88141;-35,2402;G6144;
3751_2025_PNA-01P2_RL_3103471_T_1;Vegetação;-5,88112;-35,24;G6145;
3751_2025_PNA-01P2_RL_3103471_T_1;Vegetação;-5,88082;-35,2398;G6146;
3751_2025_PNA-01P2_RL_3103471_T_1;Vegetação;-5,88052;-35,2396;G6147;
3751_2025_PNA-01P2_RL_3103471_T_1;Vegetação;-5,88112;-35,2397;G6148;
3751_2025_PNA-01P2_RL_3103471_T_1;Vegetação;-5,88132;-35,2394;G6149;12404/2025
3751_2025_PNA-01P2_RL_3103471_T_1;Vegetação;-5,88123;-35,2395;G6150;
3751_2025_PNA-01P2_RL_3103471_T_1;Vegetação;-5,88235;-35,2408;G6172;
3751_2025_PNA-01P2_RL_3103471_T_1;Vegetação;-5,88172;-35,2404;G6174;
3751_2025_PNA-01P2_RL_3103471_T_1;Vegetação;-5,88266;-35,2392;G6184;
3751_2025_PNA-01P2_RL_3103471_T_1;Vegetação;-5,88327;-35,2382;G6188;
3751_2025_PNA-01P2_RL_3103471_T_1;Vegetação;-5,88299;-35,238;G6190;
3751_2025_PNA-01P2_RL_3103471_T_1;Vegetação;-5,88507;-35,2411;G6212;
3751_2025_PNA-01P2_RL_3103471_T_1;Vegetação;-5,88245;-35,2354;G8541;
3751_2025_PNA-01P2_RL_3103471_T_1;Vegetação;-5,88179;-35,2396;GD0848;
3751_2025_PNA-01P2_RL_3103471_T_1;Vegetação;-5,87976;-35,2342;GD1639;
3751_2025_PNA-01P2_RL_3103471_T_1;Vegetação;-5,87976;-35,2342;GD1639;
3751_2025_PNA-01P2_RL_3103471_T_1;Vegetação;-5,88442;-35,2367;GD3663;
3751_2025_PNA-01P2_RL_3103471_T_1;Vegetação;-5,87526;-35,2359;L74641;
3751_2025_PNA-01P2_RL_3103471_T_1;Vegetação;-5,87434;-35,2363;M65421;
3751_2025_PNA-01P2_RL_3103471_T_1;Vegetação;-5,87411;-35,2366;M65422;
3751_2025_PNA-01P2_RL_3103471_T_1;Vegetação;-5,87411;-35,2366;M65422;
3751_2025_PNA-01P2_RL_3103471_T_1;Vegetação;-5,88204;-35,2406;MG1250;
3751_2025_PNA-01P2_RL_3103471_T_1;Vegetação;-5,87585;-35,2366;N15509;11685/2025
3751_2025_PNA-01P2_RL_3103471_T_1;Vegetação;-5,87566;-35,2369;N15510;
3751_2025_PNA-01P2_RL_3103471_T_1;Vegetação;-5,87531;-35,2367;N15511;
3751_2025_PNA-01P2_RL_3103471_T_1;Vegetação;-5,87461;-35,2363;N15513;
3751_2025_PNA-01P2_RL_3103471_T_1;Vegetação;-5,88206;-35,2313;N35687;
3751_2025_PNA-01P2_RL_3103471_T_1;Vegetação;-5,88302;-35,2298;N35699;
3751_2025_PNA-01P2_RL_3103471_T_1;Vegetação;-5,8793;-35,2387;O19977;
3751_2025_PNA-01P2_RL_3103471_T_1;Vegetação;-5,87952;-35,2346;R18612;
3751_2025_PNA-01P2_RL_3103471_T_1;Vegetação;-5,87929;-35,235;R18613;
3751_2025_PNA-01P2_RL_3103471_T_1;Vegetação;-5,87906;-35,2354;R18614;
3751_2025_PNA-01P2_RL_3103471_T_1;Vegetação;-5,87813;-35,2369;R18620;
3751_2025_PNA-01P2_RL_3103471_T_1;Vegetação;-5,87581;-35,2366;T88529;
3751_2025_PNA-01P2_RL_3103471_T_1;Vegetação;-5,87545;-35,2363;T88531;
3751_2025_PNA-01P2_RL_3103471_T_1;Vegetação;-5,88241;-35,2324;X01515;
3751_2025_PNA-01P2_RL_3103471_T_1;Vegetação;-5,88284;-35,2321;X01517;
3751_2025_PNA-01P2_RL_3103471_T_1;Vegetação;-5,88264;-35,2345;X02758;
3751_2025_PNA-01P2_RL_3103471_T_1;Vegetação;-5,88267;-35,2343;X02759;
3751_2025_PNA-01P2_RL_3103471_T_1;Vegetação;-5,88379;-35,2345;X02792;11687/2025
3756_2025_PNA-01P2_SL_3023963_T_1;Vegetação;-5,88823;-35,2502;F3229;
3756_2025_PNA-01P2_SL_3023963_T_1;Vegetação;-5,88664;-35,2501;F3234;12403/2025
3756_2025_PNA-01P2_SL_3023963_T_1;Vegetação;-5,88609;-35,25;F3236;
3756_2025_PNA-01P2_SL_3023963_T_1;Vegetação;-5,88413;-35,2529;G8426;
3756_2025_PNA-01P2_SL_3023963_T_1;Vegetação;-5,88989;-35,2539;G8452;
3756_2025_PNA-01P2_SL_3023963_T_1;Vegetação;-5,88888;-35,2541;G8455;
3756_2025_PNA-01P2_SL_3023963_T_1;Vegetação;-5,88906;-35,251;G8460;
3756_2025_PNA-01P2_SL_3023963_T_1;Vegetação;-5,8891;-35,2513;G8466;
3756_2025_PNA-01P2_SL_3023963_T_1;Vegetação;-5,88733;-35,251;G8476;
3756_2025_PNA-01P2_SL_3023963_T_1;Vegetação;-5,88577;-35,2495;G8478;
3756_2025_PNA-01P2_SL_3023963_T_1;Vegetação;-5,88584;-35,2507;G8491;
3756_2025_PNA-01P2_SL_3023963_T_1;Vegetação;-5,88609;-35,2522;G8507;
3756_2025_PNA-01P2_SL_3023963_T_1;Vegetação;-5,88637;-35,2523;G8515;
3756_2025_PNA-01P2_SL_3023963_T_1;Vegetação;-5,8871;-35,255;G8551;
3756_2025_PNA-01P2_SL_3023963_T_1;Vegetação;-5,88536;-35,2542;G8565;
3756_2025_PNA-01P2_SL_3023963_T_1;Vegetação;-5,88498;-35,2542;G8566;
3756_2025_PNA-01P2_SL_3023963_T_1;Vegetação;-5,88706;-35,2497;G9251;
3756_2025_PNA-01P2_SL_3023963_T_1;Vegetação;-5,88701;-35,2509;GD0532;
3756_2025_PNA-01P2_SL_3023963_T_1;Vegetação;-5,88923;-35,252;L57695;
3756_2025_PNA-01P2_SL_3023963_T_1;Vegetação;-5,88663;-35,2529;MG4030;
3756_2025_PNA-01P2_SL_3023963_T_1;Vegetação;-5,88627;-35,2549;X02668;
3756_2025_PNA-01P2_SL_3023963_T_1;Vegetação;-5,88588;-35,2549;X02671;
3760_2025_PNA-01P3_RL_3099868_T_1;Vegetação;-5,93073;-35,25;H02214A;
3760_2025_PNA-01P3_RL_3099868_T_1;Vegetação;-5,93098;-35,2498;H02215;
3760_2025_PNA-01P3_RL_3099868_T_1;Vegetação;-5,93353;-35,251;L83707;
3760_2025_PNA-01P3_RL_3099868_T_1;Vegetação;-5,93303;-35,2526;L83725;
3760_2025_PNA-01P3_RL_3099868_T_1;Vegetação;-5,93514;-35,2537;L83751;
3760_2025_PNA-01P3_RL_3099868_T_1;Vegetação;-5,93036;-35,2445;N32305;
3760_2025_PNA-01P3_RL_3099868_T_1;Vegetação;-5,93016;-35,2442;N32306;
3760_2025_PNA-01P3_RL_3099868_T_1;Vegetação;-5,92998;-35,2439;N32307;
3760_2025_PNA-01P3_RL_3099868_T_1;Vegetação;-5,93129;-35,245;P02187;
3760_2025_PNA-01P3_RL_3099868_T_1;Vegetação;-5,93155;-35,2446;P02188;
3760_2025_PNA-01P3_RL_3099868_T_1;Vegetação;-5,93155;-35,2446;P02188;
3760_2025_PNA-01P3_RL_3099868_T_1;Vegetação;-5,9311;-35,2452;R83099;
3761_2025_PNA-01P3_RL_3099868_T_2;Vegetação;-5,93461;-35,2424;H02244;11766/2025
3761_2025_PNA-01P3_RL_3099868_T_2;Vegetação;-5,93464;-35,2415;H02246;
3761_2025_PNA-01P3_RL_3099868_T_2;Vegetação;-5,93467;-35,2407;H02248;
3761_2025_PNA-01P3_RL_3099868_T_2;Vegetação;-5,93468;-35,2403;H02249;
3761_2025_PNA-01P3_RL_3099868_T_2;Vegetação;-5,93378;-35,2437;H02254;
3761_2025_PNA-01P3_RL_3099868_T_2;Vegetação;-5,93386;-35,244;H02255;
3761_2025_PNA-01P3_RL_3099868_T_2;Vegetação;-5,93443;-35,239;H02261;
3761_2025_PNA-01P3_RL_3099868_T_2;Vegetação;-5,93288;-35,2399;H02274;
3761_2025_PNA-01P3_RL_3099868_T_2;Vegetação;-5,93252;-35,2398;H02275;
3761_2025_PNA-01P3_RL_3099868_T_2;Vegetação;-5,93183;-35,2395;H02277;
3761_2025_PNA-01P3_RL_3099868_T_2;Vegetação;-5,9329;-35,2415;H02285;
3761_2025_PNA-01P3_RL_3099868_T_2;Vegetação;-5,92945;-35,2394;H02291;
3761_2025_PNA-01P3_RL_3099868_T_2;Vegetação;-5,92932;-35,2387;H02296;
3761_2025_PNA-01P3_RL_3099868_T_2;Vegetação;-5,92869;-35,2407;H02309;
3761_2025_PNA-01P3_RL_3099868_T_2;Vegetação;-5,92869;-35,2407;H02309;
3761_2025_PNA-01P3_RL_3099868_T_2;Vegetação;-5,9286;-35,2413;H02311;
3761_2025_PNA-01P3_RL_3099868_T_2;Vegetação;-5,92985;-35,2414;H02317;
3761_2025_PNA-01P3_RL_3099868_T_2;Vegetação;-5,93029;-35,2405;H02325;
3761_2025_PNA-01P3_RL_3099868_T_2;Vegetação;-5,93158;-35,2401;H02337;
3761_2025_PNA-01P3_RL_3099868_T_2;Vegetação;-5,92821;-35,2383;M27486;
3761_2025_PNA-01P3_RL_3099868_T_2;Vegetação;-5,92811;-35,2386;N29192;
3761_2025_PNA-01P3_RL_3099868_T_2;Vegetação;-5,93242;-35,2426;P02194;11686/2025
3761_2025_PNA-01P3_RL_3099868_T_2;Vegetação;-5,9326;-35,2421;P02196;
3761_2025_PNA-01P3_RL_3099868_T_2;Vegetação;-5,93299;-35,2406;P02205;
3761_2025_PNA-01P3_RL_3099868_T_2;Vegetação;-5,93266;-35,2405;P02206;
3761_2025_PNA-01P3_RL_3099868_T_2;Vegetação;-5,93021;-35,2397;P02403;
3761_2025_PNA-01P3_RL_3099868_T_2;Vegetação;-5,93471;-35,2427;P02409;
3761_2025_PNA-01P3_RL_3099868_T_2;Vegetação;-5,93471;-35,2427;P02409;
3761_2025_PNA-01P3_RL_3099868_T_2;Vegetação;-5,92834;-35,239;P09721;
3761_2025_PNA-01P3_RL_3099868_T_2;Vegetação;-5,92798;-35,2389;P09722;
3761_2025_PNA-01P3_RL_3099868_T_2;Vegetação;-5,92762;-35,2388;P09723;
3761_2025_PNA-01P3_RL_3099868_T_2;Vegetação;-5,92974;-35,2417;X01789;
3761_2025_PNA-01P3_RL_3099868_T_2;Vegetação;-5,92955;-35,2384;X01837;
3761_2025_PNA-01P3_RL_3099868_T_2;Vegetação;-5,92614;-35,2376;X01924;
3762_2025_PNA-01P8_SM_3021950_T_1;Vegetação;-5,86528;-35,3302;K04779;11441/2025
3762_2025_PNA-01P8_SM_3021950_T_1;Vegetação;-5,8713;-35,3124;N30573;11442/2025
3762_2025_PNA-01P8_SM_3021950_T_1;Vegetação;-5,87193;-35,3123;N30575;11443/2025
3762_2025_PNA-01P8_SM_3021950_T_1;Vegetação;-5,86893;-35,3128;N43907;11444/2025
3762_2025_PNA-01P8_SM_3021950_T_1;Vegetação;-5,86845;-35,3133;N43914;11445/2025
3762_2025_PNA-01P8_SM_3021950_T_1;Vegetação;-5,86809;-35,3135;N43924;11446/2025
3762_2025_PNA-01P8_SM_3021950_T_1;Vegetação;-5,8714;-35,315;R81818;11447/2025
3771_2025_PSA-01C3_T_2;Vegetação;-5,93173;-35,2881;J01360;
3771_2025_PSA-01C3_T_2;Vegetação;-5,92868;-35,2884;J01382;
3771_2025_PSA-01C3_T_2;Vegetação;-5,91227;-35,2906;J01465;
3771_2025_PSA-01C3_T_2;Vegetação;-5,91189;-35,2908;J01466;
3771_2025_PSA-01C3_T_2;Vegetação;-5,91346;-35,2908;J01472;
3771_2025_PSA-01C3_T_2;Vegetação;-5,9153;-35,2922;J01505;
3771_2025_PSA-01C3_T_2;Vegetação;-5,91455;-35,2924;J01507;
3771_2025_PSA-01C3_T_2;Vegetação;-5,91459;-35,2929;J01514;
3771_2025_PSA-01C3_T_2;Vegetação;-5,91474;-35,2933;J01517;
3771_2025_PSA-01C3_T_2;Vegetação;-5,91498;-35,293;J01519;
3771_2025_PSA-01C3_T_2;Vegetação;-5,91727;-35,2921;J01526;
3771_2025_PSA-01C3_T_2;Vegetação;-5,91714;-35,2929;J01530;
3771_2025_PSA-01C3_T_2;Vegetação;-5,91611;-35,2905;J01535;
3771_2025_PSA-01C3_T_2;Vegetação;-5,91662;-35,2903;J01540;
3771_2025_PSA-01C3_T_2;Vegetação;-5,91024;-35,2928;J01571;
3771_2025_PSA-01C3_T_2;Vegetação;-5,9113;-35,2923;J01574;
3771_2025_PSA-01C3_T_2;Vegetação;-5,91235;-35,2936;J01590;12398/2025
3771_2025_PSA-01C3_T_2;Vegetação;-5,92248;-35,288;J01601;
3771_2025_PSA-01C3_T_2;Vegetação;-5,92488;-35,288;J01616;
3771_2025_PSA-01C3_T_2;Vegetação;-5,92438;-35,2866;J01627;
3771_2025_PSA-01C3_T_2;Vegetação;-5,92442;-35,2866;J01629;
3771_2025_PSA-01C3_T_2;Vegetação;-5,92408;-35,2867;J01636;
3771_2025_PSA-01C3_T_2;Vegetação;-5,92375;-35,2868;J01637;
3771_2025_PSA-01C3_T_2;Vegetação;-5,91815;-35,2883;J01654;
3771_2025_PSA-01C3_T_2;Vegetação;-5,91783;-35,2885;J01655;
3771_2025_PSA-01C3_T_2;Vegetação;-5,91843;-35,2888;J01681;
3771_2025_PSA-01C3_T_2;Vegetação;-5,919;-35,2855;J01713;
3771_2025_PSA-01C3_T_2;Vegetação;-5,92354;-35,2848;J01747;
3771_2025_PSA-01C3_T_2;Vegetação;-5,92247;-35,2866;J01771;
3771_2025_PSA-01C3_T_2;Vegetação;-5,91069;-35,2955;L46832;
3771_2025_PSA-01C3_T_2;Vegetação;-5,91069;-35,2955;L46832;
3771_2025_PSA-01C3_T_2;Vegetação;-5,90626;-35,2929;L55051;
3771_2025_PSA-01C3_T_2;Vegetação;-5,90942;-35,2966;M21530;
3771_2025_PSA-01C3_T_2;Vegetação;-5,91009;-35,2963;M21532;
3771_2025_PSA-01C3_T_2;Vegetação;-5,90805;-35,2979;M21538;
3771_2025_PSA-01C3_T_2;Vegetação;-5,92559;-35,2868;M21548;
3771_2025_PSA-01C3_T_2;Vegetação;-5,91472;-35,2939;M22338;
3771_2025_PSA-01C3_T_2;Vegetação;-5,90593;-35,2958;M38490;
3771_2025_PSA-01C3_T_2;Vegetação;-5,90569;-35,2952;M38494;
3771_2025_PSA-01C3_T_2;Vegetação;-5,90569;-35,2952;M38494;
3771_2025_PSA-01C3_T_2;Vegetação;-5,90555;-35,2949;M38496;11764/2025
3771_2025_PSA-01C3_T_2;Vegetação;-5,90845;-35,2962;M39084;
3771_2025_PSA-01C3_T_2;Vegetação;-5,92619;-35,2923;M58481;
3771_2025_PSA-01C3_T_2;Vegetação;-5,90864;-35,2965;N14853;
3771_2025_PSA-01C3_T_2;Vegetação;-5,90879;-35,2969;N14854;
3771_2025_PSA-01C3_T_2;Vegetação;-5,91137;-35,2911;N16799;
3771_2025_PSA-01C3_T_2;Vegetação;-5,91107;-35,2904;N16801;
3771_2025_PSA-01C3_T_2;Vegetação;-5,91014;-35,2912;N16805;
3771_2025_PSA-01C3_T_2;Vegetação;-5,92993;-35,2878;N34703;
3771_2025_PSA-01C3_T_2;Vegetação;-5,90922;-35,2918;N43683;
3771_2025_PSA-01C3_T_2;Vegetação;-5,92375;-35,2895;N48045;
3771_2025_PSA-01C3_T_2;Vegetação;-5,92395;-35,2898;N48046;
3771_2025_PSA-01C3_T_2;Vegetação;-5,90723;-35,2913;N55264;
3771_2025_PSA-01C3_T_2;Vegetação;-5,92288;-35,291;N62490;
3771_2025_PSA-01C3_T_2;Vegetação;-5,92161;-35,2908;N62494;
3771_2025_PSA-01C3_T_2;Vegetação;-5,93214;-35,2873;P00200;
3771_2025_PSA-01C3_T_2;Vegetação;-5,92297;-35,2922;P00220;
3771_2025_PSA-01C3_T_2;Vegetação;-5,92089;-35,2894;P00241;
3771_2025_PSA-01C3_T_2;Vegetação;-5,91567;-35,2885;P00265;
3771_2025_PSA-01C3_T_2;Vegetação;-5,91492;-35,2888;P00267;
3771_2025_PSA-01C3_T_2;Vegetação;-5,9072;-35,294;R48088;
3771_2025_PSA-01C3_T_2;Vegetação;-5,90737;-35,2946;R50221;
3771_2025_PSA-01C3_T_2;Vegetação;-5,90627;-35,2968;R94214;
3771_2025_PSA-01C3_T_2;Vegetação;-5,90654;-35,2964;T12092;
3771_2025_PSA-01C3_T_2;Vegetação;-5,93058;-35,2874;U33823;
3771_2025_PSA-01C3_T_2;Vegetação;-5,91308;-35,2953;X01621;
3771_2025_PSA-01C3_T_2;Vegetação;-5,9283;-35,2887;X01885;
3771_2025_PSA-01C3_T_2;Vegetação;-5,92501;-35,2883;X01934;
3771_2025_PSA-01C3_T_2;Vegetação;-5,90849;-35,2962;X01990;
3771_2025_PSA-01C3_T_2;Vegetação;-5,90849;-35,2962;X01990;
3771_2025_PSA-01C3_T_2;Vegetação;-5,91258;-35,2879;X03498;12399/2025
3771_2025_PSA-01C3_T_2;Vegetação;-5,92951;-35,2868;X03526;
3771_2025_PSA-01C3_T_2;Vegetação;-5,92699;-35,287;X03544;
3771_2025_PSA-01C3_T_2;Vegetação;-5,92713;-35,2873;X03546;
3771_2025_PSA-01C3_T_2;Vegetação;-5,92746;-35,2883;X03549;
3771_2025_PSA-01C3_T_2;Vegetação;-5,90938;-35,2932;X03562;
3771_2025_PSA-01C3_T_2;Vegetação;-5,90786;-35,2937;X03566;
3771_2025_PSA-01C3_T_2;Vegetação;-5,90748;-35,2939;X03567;
3963_2025_PNA-01P3_SL_3039135_T_1;Vegetação;-5,9245;-35,2517;H02012;11684/2025
3963_2025_PNA-01P3_SL_3039135_T_1;Vegetação;-5,92418;-35,2516;H02013;
3963_2025_PNA-01P3_SL_3039135_T_1;Vegetação;-5,92418;-35,2516;H02013;
3963_2025_PNA-01P3_SL_3039135_T_1;Vegetação;-5,92428;-35,2515;H02027;
3963_2025_PNA-01P3_SL_3039135_T_1;Vegetação;-5,92451;-35,253;J02980;
3963_2025_PNA-01P3_SL_3039135_T_1;Vegetação;-5,9243;-35,2529;J02981;
3963_2025_PNA-01P3_SL_3039135_T_1;Vegetação;-5,92443;-35,2522;L67146;
3963_2025_PNA-01P3_SL_3039135_T_1;Vegetação;-5,92198;-35,2557;M49911;
3963_2025_PNA-01P3_SL_3039135_T_1;Vegetação;-5,92769;-35,2476;M70459;
3963_2025_PNA-01P3_SL_3039135_T_1;Vegetação;-5,92019;-35,2556;P02073;
3963_2025_PNA-01P3_SL_3039135_T_1;Vegetação;-5,92304;-35,2534;P02096;
3963_2025_PNA-01P3_SL_3039135_T_1;Vegetação;-5,9256;-35,2512;P02105;
3963_2025_PNA-01P3_SL_3039135_T_1;Vegetação;-5,92618;-35,2507;P02107;
3963_2025_PNA-01P3_SL_3039135_T_1;Vegetação;-5,92639;-35,2505;P02108;
3963_2025_PNA-01P3_SL_3039135_T_1;Vegetação;-5,92835;-35,2486;P02174;
3963_2025_PNA-01P3_SL_3039135_T_1;Vegetação;-5,92856;-35,2484;P02175;
3963_2025_PNA-01P3_SL_3039135_T_1;Vegetação;-5,9292;-35,2477;P02178;
3963_2025_PNA-01P3_SL_3039135_T_1;Vegetação;-5,9228;-35,2522;U67315;
668_2025_MCB-01M2_RL_3102390_T_1;Vegetação;-5,84901;-35,414;N04563;
668_2025_MCB-01M2_RL_3102390_T_1;Vegetação;-5,84901;-35,414;N04563;
668_2025_MCB-01M2_RL_3102390_T_1;Vegetação;-5,85223;-35,3687;P23151;
668_2025_MCB-01M2_RL_3102390_T_1;Vegetação;-5,86702;-35,4094;P23605;
668_2025_MCB-01M2_RL_3102390_T_1;Vegetação;-5,84015;-35,4079;P23677;
668_2025_MCB-01M2_RL_3102390_T_1;Vegetação;-5,83565;-35,4134;P23688;
668_2025_MCB-01M2_RL_3102390_T_1;Vegetação;-5,85395;-35,4127;R96222;12401/2025
679_2025_MCB-01M1_RL_2089667_T_1;Vegetação;-5,84884;-35,3106;B12171;
679_2025_MCB-01M1_RL_2089667_T_1;Vegetação;-5,84884;-35,3106;B12171;
679_2025_MCB-01M1_RL_2089667_T_1;Vegetação;-5,84961;-35,3103;B12173;
679_2025_MCB-01M1_RL_2089667_T_1;Vegetação;-5,84961;-35,3103;B12173;
679_2025_MCB-01M1_RL_2089667_T_1;Vegetação;-5,84961;-35,3103;B12173;
679_2025_MCB-01M1_RL_2089667_T_1;Vegetação;-5,84885;-35,3079;B12187;
679_2025_MCB-01M1_RL_2089667_T_1;Vegetação;-5,84721;-35,3016;B12215;
679_2025_MCB-01M1_RL_2089667_T_1;Vegetação;-5,84678;-35,3011;B12218;
679_2025_MCB-01M1_RL_2089667_T_1;Vegetação;-5,84678;-35,3011;B12218;
679_2025_MCB-01M1_RL_2089667_T_1;Vegetação;-5,84755;-35,3036;B12234;
679_2025_MCB-01M1_RL_2089667_T_1;Vegetação;-5,84695;-35,3039;B12236;
679_2025_MCB-01M1_RL_2089667_T_1;Vegetação;-5,84514;-35,3014;B12328;
679_2025_MCB-01M1_RL_2089667_T_1;Vegetação;-5,84514;-35,3013;B12332;
679_2025_MCB-01M1_RL_2089667_T_1;Vegetação;-5,84502;-35,3009;B12333;
679_2025_MCB-01M1_RL_2089667_T_1;Vegetação;-5,83975;-35,2932;B12342;
679_2025_MCB-01M1_RL_2089667_T_1;Vegetação;-5,84037;-35,2938;L23496A;
679_2025_MCB-01M1_RL_2089667_T_1;Vegetação;-5,84026;-35,2932;L23498;
679_2025_MCB-01M1_RL_2089667_T_1;Vegetação;-5,84594;-35,3032;L69734;
679_2025_MCB-01M1_RL_2089667_T_1;Vegetação;-5,84645;-35,3066;L74038;
679_2025_MCB-01M1_RL_2089667_T_1;Vegetação;-5,84958;-35,3104;N21266;
679_2025_MCB-01M1_RL_2089667_T_1;Vegetação;-5,84972;-35,3108;N21267;
679_2025_MCB-01M1_RL_2089667_T_1;Vegetação;-5,84716;-35,3027;N33122;
679_2025_MCB-01M1_RL_2089667_T_1;Vegetação;-5,84682;-35,3028;N33123;
679_2025_MCB-01M1_RL_2089667_T_1;Vegetação;-5,84939;-35,3096;N45761;
679_2025_MCB-01M1_RL_2089667_T_1;Vegetação;-5,84845;-35,3108;P21348;
679_2025_MCB-01M1_RL_2089667_T_1;Vegetação;-5,84553;-35,3033;P21369;11759/2025
679_2025_MCB-01M1_RL_2089667_T_1;Vegetação;-5,84489;-35,3017;P21378;
679_2025_MCB-01M1_RL_2089667_T_1;Vegetação;-5,8482;-35,3043;R15436;
679_2025_MCB-01M1_RL_2089667_T_1;Vegetação;-5,84982;-35,304;R15445;
679_2025_MCB-01M1_RL_2089667_T_1;Vegetação;-5,84967;-35,3036;R15454;
679_2025_MCB-01M1_RL_2089667_T_1;Vegetação;-5,8511;-35,304;R57906;
679_2025_MCB-01M1_RL_2089667_T_1;Vegetação;-5,84767;-35,303;R88498;
679_2025_MCB-01M1_RL_2089667_T_1;Vegetação;-5,84747;-35,3025;R88499;
679_2025_MCB-01M1_RL_2089667_T_1;Vegetação;-5,84747;-35,3025;R88499;
679_2025_MCB-01M1_RL_2089667_T_1;Vegetação;-5,84814;-35,3092;T36924;
687_2025_MCB-01M1_RL_3098629_T_1;Vegetação;-5,86325;-35,2999;L45486;
687_2025_MCB-01M1_RL_3098629_T_1;Vegetação;-5,85516;-35,3065;M17006;
687_2025_MCB-01M1_RL_3098629_T_1;Vegetação;-5,85451;-35,3068;M17008;
687_2025_MCB-01M1_RL_3098629_T_1;Vegetação;-5,85419;-35,3069;M17009;
687_2025_MCB-01M1_RL_3098629_T_1;Vegetação;-5,85354;-35,3073;M17011;
687_2025_MCB-01M1_RL_3098629_T_1;Vegetação;-5,85118;-35,3059;N21599;
687_2025_MCB-01M1_RL_3098629_T_1;Vegetação;-5,85085;-35,306;N21600;
687_2025_MCB-01M1_RL_3098629_T_1;Vegetação;-5,85052;-35,3062;N21601;
687_2025_MCB-01M1_RL_3098629_T_1;Vegetação;-5,85958;-35,3007;N46491;
687_2025_MCB-01M1_RL_3098629_T_1;Vegetação;-5,85996;-35,3005;N46492;
687_2025_MCB-01M1_RL_3098629_T_1;Vegetação;-5,86032;-35,3003;N46493;
687_2025_MCB-01M1_RL_3098629_T_1;Vegetação;-5,85488;-35,3098;P21406;
687_2025_MCB-01M1_RL_3098629_T_1;Vegetação;-5,86005;-35,3018;R36458;
687_2025_MCB-01M1_RL_3098629_T_1;Vegetação;-5,8616;-35,2994;R36470;
687_2025_MCB-01M1_RL_3098629_T_1;Vegetação;-5,85494;-35,3074;R47894;
687_2025_MCB-01M1_RL_3098629_T_1;Vegetação;-5,85399;-35,3078;R47897;
687_2025_MCB-01M1_RL_3098629_T_1;Vegetação;-5,85375;-35,3085;T24850;
687_2025_MCB-01M1_RL_3098629_T_1;Vegetação;-5,85342;-35,3087;T24851;
687_2025_MCB-01M1_RL_3098629_T_1;Vegetação;-5,85309;-35,3088;T24852;
883_2025_MCB-01M2_RL_3099859_RR_1;Vegetação;-5,91738;-35,4632;N36251;11482/2025
883_2025_MCB-01M2_RL_3099859_RR_1;Vegetação;-5,92114;-35,4634;N36259;11483/2025
883_2025_MCB-01M2_RL_3099859_RR_1;Vegetação;-5,9254;-35,4636;N36298;11488/2025
883_2025_MCB-01M2_RL_3099859_RR_1;Vegetação;-5,91013;-35,4673;O22936;11491/2025
886_2025_MCB-01M1_SM_3091108_T_1;Vegetação;-5,85959;-35,3407;B11393;11673/2025
886_2025_MCB-01M1_SM_3091108_T_1;Vegetação;-5,85952;-35,3403;B11394;
886_2025_MCB-01M1_SM_3091108_T_1;Vegetação;-5,86321;-35,3458;B11493;
886_2025_MCB-01M1_SM_3091108_T_1;Vegetação;-5,85972;-35,3414;MG1521;
886_2025_MCB-01M1_SM_3091108_T_1;Vegetação;-5,85927;-35,3421;N10383;
886_2025_MCB-01M1_SM_3091108_T_1;Vegetação;-5,86128;-35,3433;O11168;
886_2025_MCB-01M1_SM_3091108_T_1;Vegetação;-5,86047;-35,3439;P19645;
968_2025_JQI-01S4_T_2;Vegetação;-5,89405;-35,2043;E8628;
968_2025_JQI-01S4_T_2;Vegetação;-5,8937;-35,2074;E8692;
968_2025_JQI-01S4_T_2;Vegetação;-5,89744;-35,2045;E8732;
968_2025_JQI-01S4_T_2;Vegetação;-5,89774;-35,2011;X03671;
968_2025_JQI-01S4_T_2;Vegetação;-5,89798;-35,2008;X03672;
983_2025_PSA-01C4_T_1;Vegetação;-5,90834;-35,2786;M11667;
1906_2024_JPC-01J1_T_3;Vegetação;-5,94131;-35,2481;M51280;11760/2025
